{
    "rmse": 0.805259878980715,
    "mae": 0.6587912412620632,
    "r2": 0.007746505415889837
}